Andaluzja	
Anglia	
Asfdsg	
Bawaria	
Bedfordshire	
Berlin	
Bristol	
Dolnośląskie	
Dolnyśląsk	Dolnośląskie
Dolnyśląśk	Dolnośląskie
Fast	
Fghj	
Fsa	
Ile De France	
Jhgf	
Katalonia	
Kokk	
Kuj.pom.	Kujawsko-Pomorskie
Kujawsko - Pomorskie	Kujawsko-Pomorskie
Kujawsko Pomorskie	Kujawsko-Pomorskie
Kujawsko- Pomorskie	Kujawsko-Pomorskie
Kujawsko-Pomorskie	
Kujawsko-Pomorskim	Kujawsko-Pomorskie
Lancashire	
Leicestershire	
Lothian	
Lubelskie	
Lubuskie	
Łódzkie	
Malopolskie	Małopolskie
Małopolska	Małopolskie
Małopolskie	
Maz	Mazowieckie
Mazowiecki	
Mazowieckie	
Mazpwieckie	Mazowieckie
Merseyside	
Nidwalden	
Opolskie	
Oslo	
Podkarpacie	Podkarpackie
Podkarpackie	
Podlaskie	
Pomorskie	
Rogaland	
Sdf	
Sdjdkab	
Slaskie	Śląskie
Surrey	
Sycylia	
Ślaskie	Śląskie
Śląsk	Śląskie
Śląskie	
Środkowoczeski	
Świętokrzyskie	
Telemark	
Uusima	
Warmińsko Mazurskie	Warmińsko-Mazurskie
Warmińsko-Mazurskie	
West Yorkshire	
Wielkopolska	Wielkopolskie
Wielkopolskie	
Woj. Śląskie	Śląskie
Wwwhbxj	
Zachodniopomorskie	
Zurrieq	
